date,고등어(염장)
2013-09-05,"1,395"
2013-09-06,"1,395"
2013-09-09,"1,389"
2013-09-10,"1,395"
2013-09-11,"1,401"
2013-09-12,"1,444"
2013-09-13,"1,431"
2013-09-16,"1,440"
2013-09-17,"1,440"
2013-09-23,"1,440"
2013-09-24,"1,440"
2013-09-25,"1,440"
2013-09-26,"1,417"
2013-09-27,"1,408"
2013-09-30,"1,393"
2013-10-01,"1,404"
2013-10-02,"1,404"
2013-10-04,"1,404"
2013-10-07,"1,392"
2013-10-08,"1,399"
2013-10-10,"1,396"
2013-10-11,"1,397"
2013-10-14,"1,403"
2013-10-15,"1,397"
2013-10-16,"1,408"
2013-10-17,"1,427"
2013-10-18,"1,441"
2013-10-21,"1,460"
2013-10-22,"1,460"
2013-10-23,"1,457"
2013-10-24,"1,489"
2013-10-25,"1,480"
2013-10-28,"1,497"
2013-10-29,"1,498"
2013-10-30,"1,498"
2013-10-31,"1,519"
2013-11-01,"1,519"
2013-11-04,"1,532"
2013-11-05,"1,535"
2013-11-06,"1,535"
2013-11-07,"1,530"
2013-11-08,"1,526"
2013-11-11,"1,539"
2013-11-12,"1,539"
2013-11-13,"1,539"
2013-11-14,"1,548"
2013-11-15,"1,547"
2013-11-18,"1,547"
2013-11-19,"1,541"
2013-11-20,"1,546"
2013-11-21,"1,552"
2013-11-22,"1,552"
2013-11-25,"1,528"
2013-11-26,"1,534"
2013-11-27,"1,534"
2013-11-28,"1,547"
2013-11-29,"1,553"
2013-12-02,"1,553"
2013-12-03,"1,567"
2013-12-04,"1,564"
2013-12-05,"1,564"
2013-12-06,"1,564"
2013-12-09,"1,554"
2013-12-10,"1,566"
2013-12-11,"1,569"
2013-12-12,"1,528"
2013-12-13,"1,522"
2013-12-16,"1,529"
2013-12-17,"1,522"
2013-12-18,"1,528"
2013-12-19,"1,490"
2013-12-20,"1,482"
2013-12-23,"1,504"
2013-12-24,"1,502"
2013-12-26,"1,544"
2013-12-27,"1,550"
2013-12-30,"1,546"
2013-12-31,"1,546"
2014-01-02,"1,541"
2014-01-03,"1,541"
2014-01-06,"1,541"
2014-01-07,"1,550"
2014-01-08,"1,524"
2014-01-09,"1,474"
2014-01-10,"1,474"
2014-01-13,"1,484"
2014-01-14,"1,485"
2014-01-15,"1,485"
2014-01-16,"1,550"
2014-01-17,"1,550"
2014-01-20,"1,559"
2014-01-21,"1,559"
2014-01-22,"1,559"
2014-01-23,"1,636"
2014-01-24,"1,636"
2014-01-27,"1,590"
2014-01-28,"1,594"
2014-01-29,"1,594"
2014-02-03,"1,568"
2014-02-04,"1,560"
2014-02-05,"1,559"
2014-02-06,"1,575"
2014-02-07,"1,585"
2014-02-10,"1,589"
2014-02-11,"1,585"
2014-02-12,"1,593"
2014-02-13,"1,542"
2014-02-14,"1,554"
2014-02-17,"1,554"
2014-02-18,"1,554"
2014-02-19,"1,571"
2014-02-20,"1,573"
2014-02-21,"1,583"
2014-02-24,"1,559"
2014-02-25,"1,552"
2014-02-26,"1,552"
2014-02-27,"1,553"
2014-02-28,"1,562"
2014-03-03,"1,591"
2014-03-04,"1,599"
2014-03-05,"1,599"
2014-03-06,"1,629"
2014-03-07,"1,618"
2014-03-10,"1,657"
2014-03-11,"1,657"
2014-03-12,"1,630"
2014-03-13,"1,600"
2014-03-14,"1,598"
2014-03-17,"1,519"
2014-03-18,"1,514"
2014-03-19,"1,496"
2014-03-20,"1,504"
2014-03-21,"1,505"
2014-03-24,"1,556"
2014-03-25,"1,566"
2014-03-26,"1,566"
2014-03-27,"1,590"
2014-03-28,"1,583"
2014-03-31,"1,609"
2014-04-01,"1,592"
2014-04-02,"1,599"
2014-04-03,"1,590"
2014-04-04,"1,604"
2014-04-07,"1,597"
2014-04-08,"1,604"
2014-04-09,"1,604"
2014-04-10,"1,592"
2014-04-11,"1,592"
2014-04-14,"1,564"
2014-04-15,"1,564"
2014-04-16,"1,544"
2014-04-17,"1,525"
2014-04-18,"1,522"
2014-04-21,"1,590"
2014-04-22,"1,605"
2014-04-23,"1,600"
2014-04-24,"1,522"
2014-04-25,"1,498"
2014-04-28,"1,497"
2014-04-29,"1,504"
2014-04-30,"1,498"
2014-05-02,"1,578"
2014-05-07,"1,598"
2014-05-08,"1,585"
2014-05-09,"1,585"
2014-05-12,"1,577"
2014-05-13,"1,577"
2014-05-14,"1,577"
2014-05-15,"1,535"
2014-05-16,"1,524"
2014-05-19,"1,548"
2014-05-20,"1,548"
2014-05-21,"1,566"
2014-05-22,"1,608"
2014-05-23,"1,619"
2014-05-26,"1,630"
2014-05-27,"1,630"
2014-05-28,"1,635"
2014-05-29,"1,595"
2014-05-30,"1,589"
2014-06-02,"1,589"
2014-06-03,"1,592"
2014-06-05,"1,586"
2014-06-09,"1,578"
2014-06-10,"1,553"
2014-06-11,"1,577"
2014-06-12,"1,506"
2014-06-13,"1,506"
2014-06-16,"1,526"
2014-06-17,"1,524"
2014-06-18,"1,541"
2014-06-19,"1,562"
2014-06-20,"1,539"
2014-06-23,"1,557"
2014-06-24,"1,562"
2014-06-25,"1,576"
2014-06-26,"1,596"
2014-06-27,"1,608"
2014-06-30,"1,595"
2014-07-01,"1,599"
2014-07-02,"1,608"
2014-07-03,"1,604"
2014-07-04,"1,632"
2014-07-07,"1,632"
2014-07-08,"1,641"
2014-07-09,"1,641"
2014-07-10,"1,626"
2014-07-11,"1,656"
2014-07-14,"1,640"
2014-07-15,"1,621"
2014-07-16,"1,628"
2014-07-17,"1,628"
2014-07-18,"1,610"
2014-07-21,"1,606"
2014-07-22,"1,603"
2014-07-23,"1,613"
2014-07-24,"1,595"
2014-07-25,"1,595"
2014-07-28,"1,595"
2014-07-29,"1,595"
2014-07-30,"1,595"
2014-07-31,"1,678"
2014-08-04,"1,666"
2014-08-05,"1,666"
2014-08-06,"1,684"
2014-08-07,"1,632"
2014-08-08,"1,638"
2014-08-11,"1,631"
2014-08-12,"1,635"
2014-08-13,"1,629"
2014-08-14,"1,661"
2014-08-18,"1,692"
2014-08-19,"1,694"
2014-08-20,"1,734"
2014-08-21,"1,661"
2014-08-22,"1,661"
2014-08-25,"1,656"
2014-08-26,"1,659"
2014-08-27,"1,645"
2014-08-28,"1,766"
2014-08-29,"1,788"
2014-09-01,"1,793"
2014-09-02,"1,758"
2014-09-03,"1,768"
2014-09-04,"1,774"
2014-09-05,"1,785"
2014-09-11,"1,684"
2014-09-12,"1,682"
2014-09-15,"1,687"
2014-09-17,"1,686"
2014-09-18,"1,803"
2014-09-19,"1,820"
2014-09-22,"1,839"
2014-09-23,"1,827"
2014-09-24,"1,829"
2014-09-25,"1,778"
2014-09-26,"1,778"
2014-09-29,"1,749"
2014-09-30,"1,744"
2014-10-01,"1,726"
2014-10-02,"1,776"
2014-10-06,"1,776"
2014-10-07,"1,784"
2014-10-08,"1,824"
2014-10-10,"1,849"
2014-10-13,"1,857"
2014-10-14,"1,844"
2014-10-15,"1,844"
2014-10-16,"1,862"
2014-10-17,"1,884"
2014-10-20,"1,892"
2014-10-21,"1,882"
2014-10-22,"1,870"
2014-10-23,"1,904"
2014-10-24,"1,904"
2014-10-27,"1,924"
2014-10-28,"1,933"
2014-10-29,"1,938"
2014-10-30,"1,949"
2014-10-31,"1,964"
2014-11-03,"1,951"
2014-11-04,"1,962"
2014-11-05,"1,969"
2014-11-06,"1,933"
2014-11-07,"1,927"
2014-11-10,"1,905"
2014-11-11,"1,835"
2014-11-12,"1,793"
2014-11-13,"1,701"
2014-11-14,"1,800"
2014-11-17,"1,788"
2014-11-18,"1,771"
2014-11-19,"1,771"
2014-11-20,"1,750"
2014-11-21,"1,759"
2014-11-24,"1,813"
2014-11-25,"1,825"
2014-11-26,"1,867"
2014-11-27,"1,824"
2014-11-28,"1,825"
2014-12-02,"1,825"
2014-12-03,"1,825"
2014-12-04,"1,794"
2014-12-05,"1,794"
2014-12-08,"1,821"
2014-12-09,"1,784"
2014-12-10,"1,784"
2014-12-11,"1,794"
2014-12-12,"1,772"
2014-12-15,"1,768"
2014-12-16,"1,779"
2014-12-17,"1,793"
2014-12-18,"1,774"
2014-12-19,"1,752"
2014-12-22,"1,714"
2014-12-23,"1,699"
2014-12-24,"1,723"
2014-12-26,"1,730"
2014-12-29,"1,753"
2014-12-30,"1,773"
2014-12-31,"1,648"
2015-01-02,"1,599"
2015-01-05,"1,620"
2015-01-06,"1,595"
2015-01-07,"1,577"
2015-01-08,"1,653"
2015-01-09,"1,623"
2015-01-12,"1,644"
2015-01-13,"1,646"
2015-01-14,"1,655"
2015-01-15,"1,669"
2015-01-16,"1,670"
2015-01-19,"1,626"
2015-01-20,"1,676"
2015-01-21,"1,725"
2015-01-22,"1,771"
2015-01-23,"1,722"
2015-01-26,"1,731"
2015-01-27,"1,731"
2015-01-28,"1,743"
2015-01-29,"1,744"
2015-01-30,"1,752"
2015-02-02,"1,744"
2015-02-03,"1,752"
2015-02-04,"1,727"
2015-02-05,"1,671"
2015-02-06,"1,555"
2015-02-09,"1,569"
2015-02-10,"1,569"
2015-02-11,"1,581"
2015-02-12,"1,704"
2015-02-13,"1,674"
2015-02-16,"1,707"
2015-02-17,"1,706"
2015-02-23,"1,714"
2015-02-24,"1,712"
2015-02-25,"1,714"
2015-02-26,"1,672"
2015-02-27,"1,658"
2015-03-02,"1,642"
2015-03-03,"1,639"
2015-03-04,"1,637"
2015-03-05,"1,662"
2015-03-06,"1,660"
2015-03-09,"1,665"
2015-03-10,"1,682"
2015-03-11,"1,682"
2015-03-12,"1,668"
2015-03-13,"1,660"
2015-03-16,"1,591"
2015-03-17,"1,603"
2015-03-18,"1,595"
2015-03-19,"1,565"
2015-03-20,"1,579"
2015-03-23,"1,560"
2015-03-24,"1,560"
2015-03-25,"1,565"
2015-03-26,"1,522"
2015-03-27,"1,517"
2015-03-30,"1,543"
2015-03-31,"1,489"
2015-04-01,"1,472"
2015-04-02,"1,480"
2015-04-03,"1,463"
2015-04-06,"1,461"
2015-04-07,"1,462"
2015-04-08,"1,461"
2015-04-09,"1,534"
2015-04-10,"1,556"
2015-04-13,"1,493"
2015-04-14,"1,488"
2015-04-15,"1,492"
2015-04-16,"1,487"
2015-04-17,"1,501"
2015-04-20,"1,513"
2015-04-21,"1,525"
2015-04-22,"1,544"
2015-04-23,"1,631"
2015-04-24,"1,627"
2015-04-27,"1,617"
2015-04-28,"1,617"
2015-04-29,"1,635"
2015-04-30,"1,573"
2015-05-04,"1,552"
2015-05-06,"1,543"
2015-05-07,"1,588"
2015-05-08,"1,590"
2015-05-11,"1,588"
2015-05-12,"1,606"
2015-05-13,"1,588"
2015-05-14,"1,588"
2015-05-15,"1,588"
2015-05-18,"1,570"
2015-05-19,"1,550"
2015-05-20,"1,541"
2015-05-21,"1,643"
2015-05-22,"1,649"
2015-05-26,"1,643"
2015-05-27,"1,653"
2015-05-28,"1,647"
2015-05-29,"1,599"
2015-06-01,"1,586"
2015-06-02,"1,583"
2015-06-03,"1,583"
2015-06-04,"1,544"
2015-06-05,"1,529"
2015-06-08,"1,544"
2015-06-09,"1,544"
2015-06-10,"1,544"
2015-06-11,"1,593"
2015-06-12,"1,574"
2015-06-15,"1,564"
2015-06-16,"1,564"
2015-06-17,"1,571"
2015-06-18,"1,524"
2015-06-19,"1,487"
2015-06-22,"1,495"
2015-06-23,"1,491"
2015-06-24,"1,519"
2015-06-25,"1,558"
2015-06-26,"1,568"
2015-06-29,"1,589"
2015-06-30,"1,574"
2015-07-01,"1,540"
2015-07-02,"1,376"
2015-07-03,"1,384"
2015-07-06,"1,356"
2015-07-07,"1,345"
2015-07-08,"1,338"
2015-07-09,"1,485"
2015-07-10,"1,485"
2015-07-13,"1,508"
2015-07-14,"1,488"
2015-07-15,"1,504"
2015-07-16,"1,510"
2015-07-17,"1,508"
2015-07-20,"1,539"
2015-07-21,"1,502"
2015-07-22,"1,530"
2015-07-23,"1,557"
2015-07-24,"1,541"
2015-07-27,"1,551"
2015-07-28,"1,570"
2015-07-29,"1,564"
2015-07-30,"1,480"
2015-07-31,"1,478"
2015-08-03,"1,501"
2015-08-04,"1,501"
2015-08-05,"1,501"
2015-08-06,"1,551"
2015-08-07,"1,551"
2015-08-10,"1,533"
2015-08-11,"1,525"
2015-08-12,"1,525"
2015-08-13,"1,560"
2015-08-17,"1,528"
2015-08-18,"1,538"
2015-08-19,"1,529"
2015-08-20,"1,422"
2015-08-21,"1,422"
2015-08-24,"1,437"
2015-08-25,"1,407"
2015-08-26,"1,400"
2015-08-27,"1,505"
2015-08-28,"1,498"
2015-08-31,"1,489"
2015-09-01,"1,496"
2015-09-02,"1,514"
2015-09-03,"1,527"
2015-09-04,"1,533"
2015-09-07,"1,533"
2015-09-08,"1,562"
2015-09-09,"1,562"
2015-09-10,"1,562"
2015-09-11,"1,557"
2015-09-14,"1,557"
2015-09-15,"1,562"
2015-09-16,"1,553"
2015-09-17,"1,570"
2015-09-18,"1,567"
2015-09-21,"1,560"
2015-09-22,"1,554"
2015-09-23,"1,541"
2015-09-24,"1,541"
2015-09-25,"1,527"
2015-09-30,"1,540"
2015-10-01,"1,417"
2015-10-02,"1,417"
2015-10-05,"1,417"
2015-10-06,"1,426"
2015-10-07,"1,467"
2015-10-08,"1,531"
2015-10-12,"1,492"
2015-10-13,"1,519"
2015-10-14,"1,505"
2015-10-15,"1,482"
2015-10-16,"1,489"
2015-10-19,"1,479"
2015-10-20,"1,474"
2015-10-21,"1,535"
2015-10-22,"1,470"
2015-10-23,"1,451"
2015-10-26,"1,469"
2015-10-27,"1,464"
2015-10-28,"1,474"
2015-10-29,"1,408"
2015-10-30,"1,401"
2015-11-02,"1,392"
2015-11-03,"1,366"
2015-11-04,"1,399"
2015-11-05,"1,561"
2015-11-06,"1,558"
2015-11-09,"1,566"
2015-11-10,"1,544"
2015-11-11,"1,552"
2015-11-12,"1,515"
2015-11-13,"1,515"
2015-11-16,"1,515"
2015-11-17,"1,516"
2015-11-18,"1,516"
2015-11-19,"1,499"
2015-11-20,"1,484"
2015-11-23,"1,529"
2015-11-24,"1,529"
2015-11-25,"1,514"
2015-11-26,"1,420"
2015-11-27,"1,420"
2015-11-30,"1,441"
2015-12-01,"1,434"
2015-12-02,"1,440"
2015-12-03,"1,482"
2015-12-07,"1,482"
2015-12-08,"1,482"
2015-12-09,"1,482"
2015-12-10,"1,483"
2015-12-11,"1,484"
2015-12-14,"1,526"
2015-12-15,"1,526"
2015-12-16,"1,523"
2015-12-17,"1,463"
2015-12-18,"1,463"
2015-12-21,"1,481"
2015-12-22,"1,463"
2015-12-23,"1,498"
2015-12-24,"1,524"
2015-12-28,"1,518"
2015-12-29,"1,532"
2015-12-30,"1,528"
2015-12-31,"1,531"
2016-01-04,"1,531"
2016-01-05,"1,526"
2016-01-06,"1,522"
2016-01-07,"1,524"
2016-01-08,"1,524"
2016-01-11,"1,526"
2016-01-12,"1,524"
2016-01-13,"1,524"
2016-01-14,"1,468"
2016-01-15,"1,466"
2016-01-18,"1,452"
2016-01-19,"1,467"
2016-01-20,"1,460"
2016-01-21,"1,531"
2016-01-22,"1,532"
2016-01-25,"1,533"
2016-01-26,"1,530"
2016-01-27,"1,530"
2016-01-28,"1,451"
2016-01-29,"1,442"
2016-02-01,"1,437"
2016-02-02,"1,428"
2016-02-03,"1,418"
2016-02-04,"1,485"
2016-02-05,"1,493"
2016-02-11,"1,486"
2016-02-12,"1,486"
2016-02-15,"1,486"
2016-02-16,"1,500"
2016-02-17,"1,500"
2016-02-18,"1,516"
2016-02-19,"1,508"
2016-02-22,"1,513"
2016-02-23,"1,513"
2016-02-24,"1,522"
2016-02-25,"1,540"
2016-02-26,"1,537"
2016-02-29,"1,526"
2016-03-02,"1,524"
2016-03-03,"1,552"
2016-03-04,"1,552"
2016-03-07,"1,553"
2016-03-08,"1,553"
2016-03-09,"1,557"
2016-03-10,"1,580"
2016-03-11,"1,580"
2016-03-14,"1,575"
2016-03-15,"1,576"
2016-03-16,"1,591"
2016-03-17,"1,516"
2016-03-18,"1,482"
2016-03-21,"1,470"
2016-03-22,"1,470"
2016-03-23,"1,467"
2016-03-24,"1,530"
2016-03-25,"1,504"
2016-03-28,"1,512"
2016-03-29,"1,511"
2016-03-30,"1,514"
2016-03-31,"1,409"
2016-04-01,"1,409"
2016-04-04,"1,409"
2016-04-05,"1,409"
2016-04-06,"1,409"
2016-04-07,"1,514"
2016-04-08,"1,514"
2016-04-11,"1,525"
2016-04-12,"1,525"
2016-04-14,"1,546"
2016-04-15,"1,543"
2016-04-18,"1,547"
2016-04-19,"1,542"
2016-04-20,"1,551"
2016-04-21,"1,492"
2016-04-22,"1,477"
2016-04-25,"1,472"
2016-04-26,"1,471"
2016-04-27,"1,485"
2016-04-28,"1,505"
2016-04-29,"1,481"
2016-05-02,"1,483"
2016-05-03,"1,486"
2016-05-04,"1,458"
2016-05-09,"1,459"
2016-05-10,"1,459"
2016-05-11,"1,462"
2016-05-12,"1,500"
2016-05-13,"1,554"
2016-05-16,"1,572"
2016-05-17,"1,575"
2016-05-18,"1,581"
2016-05-19,"1,550"
2016-05-20,"1,556"
2016-05-23,"1,566"
2016-05-24,"1,566"
2016-05-25,"1,566"
2016-05-26,"1,579"
2016-05-27,"1,536"
2016-05-30,"1,535"
2016-05-31,"1,527"
2016-06-01,"1,512"
2016-06-02,"1,504"
2016-06-03,"1,504"
2016-06-07,"1,493"
2016-06-08,"1,493"
2016-06-09,"1,497"
2016-06-10,"1,497"
2016-06-13,"1,495"
2016-06-14,"1,495"
2016-06-15,"1,495"
2016-06-16,"1,468"
2016-06-17,"1,449"
2016-06-20,"1,462"
2016-06-21,"1,446"
2016-06-22,"1,446"
2016-06-23,"1,476"
2016-06-24,"1,482"
2016-06-27,"1,482"
2016-06-28,"1,480"
2016-06-29,"1,480"
2016-06-30,"1,494"
2016-07-01,"1,485"
2016-07-04,"1,484"
2016-07-05,"1,484"
2016-07-06,"1,483"
2016-07-07,"1,489"
2016-07-08,"1,486"
2016-07-11,"1,477"
2016-07-12,"1,477"
2016-07-13,"1,486"
2016-07-14,"1,485"
2016-07-15,"1,471"
2016-07-18,"1,485"
2016-07-19,"1,485"
2016-07-20,"1,485"
2016-07-21,"1,486"
2016-07-22,"1,484"
2016-07-25,"1,483"
2016-07-26,"1,483"
2016-07-27,"1,490"
2016-07-28,"1,490"
2016-07-29,"1,490"
2016-08-01,"1,489"
2016-08-02,"1,489"
2016-08-03,"1,489"
2016-08-04,"1,451"
2016-08-05,"1,451"
2016-08-08,"1,451"
2016-08-09,"1,451"
2016-08-10,"1,451"
2016-08-11,"1,503"
2016-08-12,"1,503"
2016-08-16,"1,503"
2016-08-17,"1,512"
2016-08-18,"1,514"
2016-08-19,"1,514"
2016-08-22,"1,534"
2016-08-23,"1,534"
2016-08-24,"1,538"
2016-08-25,"1,562"
2016-08-26,"1,562"
2016-08-29,"1,558"
2016-08-30,"1,574"
2016-08-31,"1,573"
2016-09-01,"1,569"
2016-09-02,"1,574"
2016-09-05,"1,574"
2016-09-06,"1,578"
2016-09-07,"1,578"
2016-09-08,"1,526"
2016-09-09,"1,526"
2016-09-12,"1,529"
2016-09-13,"1,526"
2016-09-19,"1,526"
2016-09-20,"1,526"
2016-09-21,"1,526"
2016-09-22,"1,477"
2016-09-23,"1,477"
2016-09-26,"1,413"
2016-09-27,"1,438"
2016-09-28,"1,464"
2016-09-29,"1,503"
2016-09-30,"1,503"
2016-10-04,"1,488"
2016-10-05,"1,486"
2016-10-06,"1,500"
2016-10-07,"1,488"
2016-10-10,"1,482"
2016-10-11,"1,482"
2016-10-12,"1,472"
2016-10-13,"1,411"
2016-10-14,"1,400"
2016-10-17,"1,397"
2016-10-18,"1,397"
2016-10-19,"1,406"
2016-10-20,"1,399"
2016-10-21,"1,399"
2016-10-24,"1,399"
2016-10-25,"1,414"
2016-10-26,"1,414"
2016-10-27,"1,501"
2016-10-28,"1,490"
2016-10-31,"1,492"
2016-11-01,"1,512"
2016-11-02,"1,513"
2016-11-03,"1,528"
2016-11-04,"1,524"
2016-11-07,"1,527"
2016-11-08,"1,461"
2016-11-09,"1,460"
2016-11-10,"1,464"
2016-11-11,"1,475"
2016-11-14,"1,468"
2016-11-15,"1,480"
2016-11-16,"1,474"
2016-11-17,"1,502"
2016-11-18,"1,470"
2016-11-21,"1,437"
2016-11-22,"1,426"
2016-11-23,"1,463"
2016-11-24,"1,486"
2016-11-25,"1,508"
2016-11-28,"1,508"
2016-11-29,"1,508"
2016-11-30,"1,505"
2016-12-01,"1,560"
2016-12-05,"1,582"
2016-12-06,"1,582"
2016-12-07,"1,580"
2016-12-08,"1,584"
2016-12-09,"1,584"
2016-12-12,"1,584"
2016-12-13,"1,584"
2016-12-14,"1,584"
2016-12-15,"1,584"
2016-12-16,"1,597"
2016-12-19,"1,597"
2016-12-20,"1,597"
2016-12-21,"1,592"
2016-12-22,"1,592"
2016-12-23,"1,592"
2016-12-26,"1,555"
2016-12-27,"1,530"
2016-12-28,"1,501"
2016-12-29,"1,524"
2016-12-30,"1,527"
2017-01-02,"1,526"
2017-01-03,"1,526"
2017-01-04,"1,526"
2017-01-05,"1,461"
2017-01-06,"1,461"
2017-01-09,"1,476"
2017-01-10,"1,465"
2017-01-11,"1,467"
2017-01-12,"1,542"
2017-01-13,"1,513"
2017-01-16,"1,517"
2017-01-17,"1,517"
2017-01-18,"1,517"
2017-01-19,"1,506"
2017-01-20,"1,506"
2017-01-23,"1,512"
2017-01-24,"1,512"
2017-01-25,"1,512"
2017-01-26,"1,512"
2017-01-31,"1,516"
2017-02-01,"1,516"
2017-02-02,"1,508"
2017-02-03,"1,510"
2017-02-06,"1,509"
2017-02-07,"1,509"
2017-02-08,"1,523"
2017-02-09,"1,422"
2017-02-10,"1,424"
2017-02-13,"1,421"
2017-02-14,"1,421"
2017-02-15,"1,423"
2017-02-16,"1,460"
2017-02-17,"1,457"
2017-02-20,"1,448"
2017-02-21,"1,456"
2017-02-22,"1,465"
2017-02-23,"1,480"
2017-02-24,"1,480"
2017-02-27,"1,495"
2017-02-28,"1,489"
2017-03-02,"1,505"
2017-03-03,"1,500"
2017-03-06,"1,513"
2017-03-07,"1,513"
2017-03-08,"1,500"
2017-03-09,"1,497"
2017-03-10,"1,497"
2017-03-13,"1,497"
2017-03-14,"1,504"
2017-03-15,"1,497"
2017-03-16,"1,468"
2017-03-17,"1,476"
2017-03-20,"1,482"
2017-03-21,"1,482"
2017-03-22,"1,483"
2017-03-23,"1,484"
2017-03-24,"1,487"
2017-03-27,"1,523"
2017-03-28,"1,523"
2017-03-29,"1,528"
2017-03-30,"1,516"
2017-03-31,"1,508"
2017-04-03,"1,491"
2017-04-04,"1,474"
2017-04-05,"1,493"
2017-04-06,"1,502"
2017-04-07,"1,502"
2017-04-10,"1,512"
2017-04-11,"1,523"
2017-04-12,"1,523"
2017-04-13,"1,509"
2017-04-14,"1,510"
2017-04-17,"1,518"
2017-04-18,"1,518"
2017-04-19,"1,523"
2017-04-20,"1,536"
2017-04-21,"1,556"
2017-04-24,"1,550"
2017-04-25,"1,550"
2017-04-26,"1,550"
2017-04-27,"1,553"
2017-04-28,"1,553"
2017-05-02,"1,525"
2017-05-04,"1,540"
2017-05-08,"1,526"
2017-05-10,"1,526"
2017-05-11,"1,506"
2017-05-12,"1,521"
2017-05-15,"1,506"
2017-05-16,"1,506"
2017-05-17,"1,506"
2017-05-18,"1,522"
2017-05-19,"1,522"
2017-05-22,"1,514"
2017-05-23,"1,514"
2017-05-24,"1,514"
2017-05-25,"1,463"
2017-05-26,"1,454"
2017-05-29,"1,452"
2017-05-30,"1,455"
2017-05-31,"1,453"
2017-06-01,"1,507"
2017-06-02,"1,536"
2017-06-05,"1,526"
2017-06-07,"1,519"
2017-06-08,"1,494"
2017-06-09,"1,470"
2017-06-12,"1,463"
2017-06-13,"1,451"
2017-06-14,"1,457"
2017-06-15,"1,517"
2017-06-16,"1,533"
2017-06-19,"1,533"
2017-06-20,"1,546"
2017-06-21,"1,538"
2017-06-22,"1,538"
2017-06-23,"1,538"
2017-06-26,"1,538"
2017-06-27,"1,524"
2017-06-28,"1,525"
2017-06-29,"1,493"
2017-06-30,"1,468"
2017-07-03,"1,476"
2017-07-04,"1,440"
2017-07-05,"1,440"
2017-07-06,"1,483"
2017-07-07,"1,451"
2017-07-10,"1,469"
2017-07-11,"1,493"
2017-07-12,"1,493"
2017-07-13,"1,500"
2017-07-14,"1,510"
2017-07-17,"1,502"
2017-07-18,"1,510"
2017-07-19,"1,557"
2017-07-20,"1,550"
2017-07-21,"1,530"
2017-07-24,"1,498"
2017-07-25,"1,498"
2017-07-26,"1,514"
2017-07-27,"1,522"
2017-07-28,"1,515"
2017-07-31,"1,523"
2017-08-01,"1,523"
2017-08-02,"1,527"
2017-08-03,"1,536"
2017-08-04,"1,543"
2017-08-07,"1,541"
2017-08-08,"1,536"
2017-08-09,"1,536"
2017-08-10,"1,527"
2017-08-11,"1,527"
2017-08-14,"1,527"
2017-08-16,"1,575"
2017-08-17,"1,543"
2017-08-18,"1,543"
2017-08-21,"1,543"
2017-08-22,"1,543"
2017-08-23,"1,550"
2017-08-24,"1,549"
2017-08-25,"1,543"
2017-08-28,"1,554"
2017-08-29,"1,515"
2017-08-30,"1,515"
2017-08-31,"1,515"
2017-09-01,"1,512"
2017-09-04,"1,515"
2017-09-05,"1,514"
2017-09-06,"1,508"
2017-09-07,"1,512"
2017-09-08,"1,512"
2017-09-11,"1,503"
2017-09-12,"1,503"
2017-09-13,"1,516"
2017-09-14,"1,541"
2017-09-15,"1,541"
2017-09-18,"1,527"
2017-09-19,"1,536"
2017-09-20,"1,536"
2017-09-21,"1,538"
2017-09-22,"1,534"
2017-09-25,"1,561"
2017-09-26,"1,554"
2017-09-27,"1,551"
2017-09-28,"1,551"
2017-09-29,"1,561"
2017-10-10,"1,545"
2017-10-11,"1,552"
2017-10-12,"1,544"
2017-10-13,"1,549"
2017-10-16,"1,560"
2017-10-17,"1,560"
2017-10-18,"1,551"
2017-10-19,"1,522"
2017-10-20,"1,519"
2017-10-23,"1,513"
2017-10-24,"1,519"
2017-10-25,"1,519"
2017-10-26,"1,544"
2017-10-27,"1,566"
2017-10-30,"1,549"
2017-10-31,"1,549"
2017-11-01,"1,561"
2017-11-02,"1,568"
2017-11-03,"1,568"
2017-11-06,"1,568"
2017-11-07,"1,551"
2017-11-08,"1,543"
2017-11-09,"1,548"
2017-11-10,"1,537"
2017-11-13,"1,537"
2017-11-14,"1,544"
2017-11-15,"1,544"
2017-11-16,"1,544"
2017-11-17,"1,544"
2017-11-20,"1,536"
2017-11-21,"1,535"
2017-11-22,"1,535"
2017-11-23,"1,453"
2017-11-24,"1,376"
2017-11-27,"1,404"
2017-11-28,"1,399"
2017-11-29,"1,399"
2017-11-30,"1,519"
2017-12-04,"1,541"
2017-12-05,"1,541"
2017-12-06,"1,541"
2017-12-07,"1,541"
2017-12-08,"1,541"
2017-12-11,"1,532"
2017-12-12,"1,532"
2017-12-13,"1,532"
2017-12-14,"1,536"
2017-12-15,"1,542"
2017-12-18,"1,542"
2017-12-19,"1,542"
2017-12-20,"1,566"
2017-12-21,"1,574"
2017-12-22,"1,574"
2017-12-26,"1,569"
2017-12-27,"1,569"
2017-12-28,"1,558"
2017-12-29,"1,560"
2018-01-02,"1,550"
2018-01-03,"1,550"
2018-01-04,"1,511"
2018-01-05,"1,511"
2018-01-08,"1,535"
2018-01-09,"1,543"
2018-01-10,"1,515"
2018-01-11,"1,519"
2018-01-12,"1,519"
2018-01-15,"1,533"
2018-01-16,"1,533"
2018-01-17,"1,519"
2018-01-18,"1,519"
2018-01-19,"1,519"
2018-01-22,"1,542"
2018-01-23,"1,548"
2018-01-24,"1,548"
2018-01-25,"1,572"
2018-01-26,"1,554"
2018-01-29,"1,568"
2018-01-30,"1,565"
2018-01-31,"1,565"
2018-02-01,"1,561"
2018-02-02,"1,545"
2018-02-05,"1,548"
2018-02-06,"1,548"
2018-02-07,"1,548"
2018-02-08,"1,548"
2018-02-09,"1,548"
2018-02-12,"1,566"
2018-02-13,"1,566"
2018-02-14,"1,566"
2018-02-19,"1,576"
2018-02-20,"1,563"
2018-02-21,"1,563"
2018-02-22,"1,578"
2018-02-23,"1,557"
2018-02-26,"1,557"
2018-02-27,"1,557"
2018-02-28,"1,557"
2018-03-02,"1,578"
2018-03-05,"1,578"
2018-03-06,"1,578"
2018-03-07,"1,578"
2018-03-08,"1,577"
2018-03-09,"1,577"
2018-03-12,"1,604"
2018-03-13,"1,572"
2018-03-14,"1,572"
2018-03-15,"1,583"
2018-03-16,"1,568"
2018-03-19,"1,549"
2018-03-20,"1,540"
2018-03-21,"1,553"
2018-03-22,"1,553"
2018-03-23,"1,534"
2018-03-26,"1,555"
2018-03-27,"1,555"
2018-03-28,"1,559"
2018-03-29,"1,526"
2018-03-30,"1,507"
2018-04-02,"1,516"
2018-04-03,"1,534"
2018-04-04,"1,534"
2018-04-05,"1,539"
2018-04-06,"1,549"
2018-04-09,"1,539"
2018-04-10,"1,539"
2018-04-11,"1,549"
2018-04-12,"1,562"
2018-04-13,"1,536"
2018-04-16,"1,501"
2018-04-17,"1,501"
2018-04-18,"1,501"
2018-04-19,"1,495"
2018-04-20,"1,495"
2018-04-23,"1,515"
2018-04-24,"1,490"
2018-04-25,"1,490"
2018-04-26,"1,495"
2018-04-27,"1,495"
2018-04-30,"1,497"
2018-05-02,"1,507"
2018-05-03,"1,440"
2018-05-04,"1,440"
2018-05-08,"1,477"
2018-05-09,"1,458"
2018-05-10,"1,530"
2018-05-11,"1,530"
2018-05-14,"1,502"
2018-05-15,"1,502"
2018-05-16,"1,502"
2018-05-17,"1,538"
2018-05-18,"1,507"
2018-05-21,"1,507"
2018-05-23,"1,536"
2018-05-24,"1,530"
2018-05-25,"1,530"
2018-05-28,"1,543"
2018-05-29,"1,543"
2018-05-30,"1,543"
2018-05-31,"1,545"
2018-06-01,"1,537"
2018-06-04,"1,537"
2018-06-05,"1,543"
2018-06-07,"1,528"
2018-06-08,"1,508"
2018-06-11,"1,519"
2018-06-12,"1,496"
2018-06-14,"1,451"
2018-06-15,"1,451"
2018-06-18,"1,429"
2018-06-19,"1,429"
2018-06-20,"1,429"
2018-06-21,"1,496"
2018-06-22,"1,508"
2018-06-25,"1,531"
2018-06-26,"1,531"
2018-06-27,"1,531"
2018-06-28,"1,531"
2018-06-29,"1,531"
2018-07-02,"1,539"
2018-07-03,"1,548"
2018-07-04,"1,521"
2018-07-05,"1,503"
2018-07-06,"1,497"
2018-07-09,"1,497"
2018-07-10,"1,497"
2018-07-11,"1,503"
2018-07-12,"1,503"
2018-07-13,"1,503"
2018-07-16,"1,503"
2018-07-17,"1,510"
2018-07-18,"1,520"
2018-07-19,"1,520"
2018-07-20,"1,520"
2018-07-23,"1,546"
2018-07-24,"1,520"
2018-07-25,"1,508"
2018-07-26,"1,508"
2018-07-27,"1,508"
2018-07-30,"1,517"
2018-07-31,"1,517"
2018-08-01,"1,517"
2018-08-02,"1,535"
2018-08-03,"1,535"
2018-08-06,"1,535"
2018-08-07,"1,509"
2018-08-08,"1,513"
2018-08-09,"1,500"
2018-08-10,"1,500"
2018-08-13,"1,518"
2018-08-14,"1,518"
2018-08-16,"1,546"
2018-08-17,"1,546"
2018-08-20,"1,546"
2018-08-21,"1,546"
2018-08-22,"1,546"
2018-08-23,"1,531"
2018-08-24,"1,531"
2018-08-27,"1,531"
2018-08-28,"1,531"
2018-08-29,"1,537"
2018-08-30,"1,491"
2018-08-31,"1,491"
2018-09-03,"1,511"
2018-09-04,"1,511"
2018-09-05,"1,511"
2018-09-06,"1,507"
2018-09-07,"1,520"
2018-09-10,"1,518"
2018-09-11,"1,518"
2018-09-12,"1,518"
2018-09-13,"1,518"
2018-09-14,"1,500"
2018-09-17,"1,500"
2018-09-18,"1,500"
2018-09-19,"1,513"
2018-09-20,"1,530"
2018-09-21,"1,506"
2018-09-27,"1,503"
2018-09-28,"1,503"
2018-10-01,"1,496"
2018-10-02,"1,485"
2018-10-04,"1,494"
2018-10-05,"1,527"
2018-10-08,"1,521"
2018-10-10,"1,521"
2018-10-11,"1,527"
2018-10-12,"1,527"
2018-10-15,"1,527"
2018-10-16,"1,527"
2018-10-17,"1,535"
2018-10-18,"1,538"
2018-10-19,"1,542"
2018-10-22,"1,553"
2018-10-23,"1,563"
2018-10-24,"1,567"
2018-10-25,"1,543"
2018-10-26,"1,543"
2018-10-29,"1,539"
2018-10-30,"1,539"
2018-10-31,"1,515"
2018-11-01,"1,532"
2018-11-02,"1,526"
2018-11-05,"1,563"
2018-11-06,"1,563"
2018-11-07,"1,551"
2018-11-08,"1,585"
2018-11-09,"1,596"
2018-11-12,"1,592"
2018-11-13,"1,616"
2018-11-14,"1,616"
2018-11-15,"1,627"
2018-11-16,"1,627"
2018-11-19,"1,627"
2018-11-20,"1,627"
2018-11-21,"1,627"
2018-11-22,"1,640"
2018-11-23,"1,644"
2018-11-26,"1,655"
2018-11-27,"1,655"
2018-11-28,"1,644"
2018-11-29,"1,637"
2018-11-30,"1,637"
2018-12-03,"1,643"
2018-12-04,"1,647"
2018-12-05,"1,650"
2018-12-06,"1,650"
2018-12-10,"1,650"
2018-12-11,"1,650"
2018-12-12,"1,650"
2018-12-13,"1,650"
2018-12-14,"1,650"
2018-12-17,"1,650"
2018-12-18,"1,650"
2018-12-19,"1,650"
2018-12-20,"1,650"
2018-12-21,"1,650"
2018-12-24,"1,650"
2018-12-26,"1,628"
2018-12-27,"1,604"
2018-12-28,"1,604"
2018-12-31,"1,604"
2019-01-02,"1,611"
2019-01-03,"1,620"
2019-01-04,"1,627"
2019-01-07,"1,631"
2019-01-08,"1,631"
2019-01-09,"1,631"
2019-01-10,"1,611"
2019-01-11,"1,611"
2019-01-14,"1,611"
2019-01-15,"1,611"
2019-01-16,"1,624"
2019-01-17,"1,607"
2019-01-18,"1,607"
2019-01-21,"1,607"
2019-01-22,"1,607"
2019-01-23,"1,607"
2019-01-24,"1,619"
2019-01-25,"1,619"
2019-01-28,"1,619"
2019-01-29,"1,619"
2019-01-30,"1,619"
2019-01-31,"1,619"
2019-02-01,"1,619"
2019-02-07,"1,634"
2019-02-08,"1,634"
2019-02-11,"1,619"
2019-02-12,"1,619"
2019-02-13,"1,619"
2019-02-14,"1,643"
2019-02-15,"1,619"
2019-02-18,"1,621"
2019-02-19,"1,619"
2019-02-20,"1,633"
2019-02-21,"1,625"
2019-02-22,"1,625"
2019-02-25,"1,627"
2019-02-26,"1,625"
2019-02-27,"1,627"
2019-02-28,"1,625"
2019-03-04,"1,615"
2019-03-05,"1,618"
2019-03-06,"1,618"
2019-03-07,"1,618"
2019-03-08,"1,618"
2019-03-11,"1,618"
2019-03-12,"1,618"
2019-03-13,"1,618"
2019-03-14,"1,597"
2019-03-15,"1,606"
2019-03-18,"1,606"
2019-03-19,"1,606"
2019-03-20,"1,606"
2019-03-21,"1,633"
2019-03-22,"1,623"
2019-03-25,"1,617"
2019-03-26,"1,610"
2019-03-27,"1,610"
2019-03-28,"1,578"
2019-03-29,"1,572"
2019-04-01,"1,572"
2019-04-02,"1,566"
2019-04-03,"1,549"
2019-04-04,"1,556"
2019-04-05,"1,590"
2019-04-08,"1,590"
2019-04-09,"1,590"
2019-04-10,"1,590"
2019-04-11,"1,604"
2019-04-12,"1,609"
2019-04-15,"1,609"
2019-04-16,"1,625"
2019-04-17,"1,625"
2019-04-18,"1,625"
2019-04-19,"1,625"
2019-04-22,"1,622"
2019-04-23,"1,615"
2019-04-24,"1,623"
2019-04-25,"1,604"
2019-04-26,"1,604"
2019-04-29,"1,635"
2019-04-30,"1,626"
2019-05-02,"1,613"
2019-05-03,"1,591"
2019-05-07,"1,591"
2019-05-08,"1,569"
2019-05-09,"1,569"
2019-05-10,"1,569"
2019-05-13,"1,550"
2019-05-14,"1,550"
2019-05-15,"1,535"
2019-05-16,"1,535"
2019-05-17,"1,535"
2019-05-20,"1,535"
2019-05-21,"1,535"
2019-05-22,"1,531"
2019-05-23,"1,531"
2019-05-24,"1,531"
2019-05-27,"1,531"
2019-05-28,"1,531"
2019-05-29,"1,531"
2019-05-30,"1,529"
2019-05-31,"1,529"
2019-06-03,"1,514"
2019-06-04,"1,502"
2019-06-05,"1,517"
2019-06-07,"1,562"
2019-06-10,"1,562"
2019-06-11,"1,562"
2019-06-12,"1,568"
2019-06-13,"1,558"
2019-06-14,"1,554"
2019-06-17,"1,554"
2019-06-18,"1,554"
2019-06-19,"1,567"
2019-06-20,"1,585"
2019-06-21,"1,594"
2019-06-24,"1,576"
2019-06-25,"1,576"
2019-06-26,"1,557"
2019-06-27,"1,489"
2019-06-28,"1,500"
2019-07-01,"1,500"
2019-07-02,"1,489"
2019-07-03,"1,489"
2019-07-04,"1,491"
2019-07-05,"1,504"
2019-07-08,"1,530"
2019-07-09,"1,541"
2019-07-10,"1,541"
2019-07-11,"1,527"
2019-07-12,"1,550"
2019-07-15,"1,553"
2019-07-16,"1,553"
2019-07-17,"1,550"
2019-07-18,"1,569"
2019-07-19,"1,557"
2019-07-22,"1,541"
2019-07-23,"1,539"
2019-07-24,"1,539"
2019-07-25,"1,539"
2019-07-26,"1,539"
2019-07-29,"1,551"
2019-07-30,"1,539"
2019-07-31,"1,564"
2019-08-01,"1,564"
2019-08-02,"1,564"
2019-08-05,"1,559"
2019-08-06,"1,547"
2019-08-07,"1,511"
2019-08-08,"1,477"
2019-08-09,"1,476"
2019-08-12,"1,508"
2019-08-13,"1,523"
2019-08-14,"1,505"
2019-08-16,"1,501"
2019-08-19,"1,536"
2019-08-20,"1,536"
2019-08-21,"1,536"
2019-08-22,"1,548"
2019-08-23,"1,548"
2019-08-26,"1,564"
2019-08-27,"1,564"
2019-08-28,"1,564"
2019-08-29,"1,564"
2019-08-30,"1,534"
2019-09-02,"1,572"
2019-09-03,"1,572"
2019-09-04,"1,604"
2019-09-05,"1,589"
2019-09-06,"1,576"
2019-09-09,"1,588"
2019-09-10,"1,588"
2019-09-11,"1,588"
2019-09-16,"1,579"
2019-09-17,"1,574"
2019-09-18,"1,561"
2019-09-19,"1,533"
2019-09-20,"1,550"
2019-09-23,"1,550"
2019-09-24,"1,558"
2019-09-25,"1,543"
2019-09-26,"1,558"
2019-09-27,"1,547"
2019-09-30,"1,547"
2019-10-01,"1,575"
2019-10-02,"1,571"
2019-10-04,"1,553"
2019-10-07,"1,533"
2019-10-08,"1,561"
2019-10-10,"1,597"
2019-10-11,"1,597"
2019-10-14,"1,569"
2019-10-15,"1,602"
2019-10-16,"1,609"
2019-10-17,"1,609"
2019-10-18,"1,609"
2019-10-21,"1,560"
2019-10-22,"1,560"
2019-10-23,"1,549"
2019-10-24,"1,572"
2019-10-25,"1,572"
2019-10-28,"1,549"
2019-10-29,"1,572"
2019-10-30,"1,576"
2019-10-31,"1,572"
2019-11-01,"1,572"
2019-11-04,"1,580"
2019-11-05,"1,592"
2019-11-06,"1,592"
2019-11-07,"1,576"
2019-11-08,"1,560"
2019-11-11,"1,560"
2019-11-12,"1,592"
2019-11-13,"1,587"
2019-11-14,"1,604"
2019-11-15,"1,604"
2019-11-18,"1,608"
2019-11-19,"1,608"
2019-11-20,"1,614"
2019-11-21,"1,627"
2019-11-22,"1,621"
2019-11-25,"1,621"
2019-11-26,"1,621"
2019-11-27,"1,610"
2019-11-28,"1,588"
2019-11-29,"1,588"
2019-12-02,"1,599"
2019-12-03,"1,599"
2019-12-04,"1,599"
2019-12-05,"1,638"
2019-12-09,"1,615"
2019-12-10,"1,606"
2019-12-11,"1,645"
2019-12-12,"1,633"
2019-12-13,"1,645"
2019-12-16,"1,645"
2019-12-17,"1,645"
2019-12-18,"1,645"
2019-12-19,"1,562"
2019-12-20,"1,562"
2019-12-23,"1,614"
2019-12-24,"1,614"
2019-12-26,"1,628"
2019-12-27,"1,612"
2019-12-30,"1,602"
2019-12-31,"1,592"
2020-01-02,"1,618"
2020-01-03,"1,609"
2020-01-06,"1,613"
2020-01-07,"1,647"
2020-01-08,"1,647"
2020-01-09,"1,713"
2020-01-10,"1,713"
2020-01-13,"1,727"
2020-01-14,"1,715"
2020-01-15,"1,715"
2020-01-16,"1,732"
2020-01-17,"1,715"
2020-01-20,"1,711"
2020-01-21,"1,713"
2020-01-22,"1,700"
2020-01-23,"1,661"
2020-01-28,"1,667"
2020-01-29,"1,669"
2020-01-30,"1,707"
2020-01-31,"1,727"
2020-02-03,"1,732"
2020-02-04,"1,710"
2020-02-05,"1,710"
2020-02-06,"1,723"
2020-02-07,"1,723"
2020-02-10,"1,723"
2020-02-11,"1,702"
2020-02-12,"1,694"
2020-02-13,"1,667"
2020-02-14,"1,675"
2020-02-17,"1,703"
2020-02-18,"1,677"
2020-02-19,"1,677"
2020-02-20,"1,718"
2020-02-21,"1,723"
2020-02-24,"1,720"
2020-02-25,"1,751"
2020-02-26,"1,747"
2020-02-27,"1,758"
2020-02-28,"1,734"
2020-03-02,"1,730"
2020-03-03,"1,730"
2020-03-04,"1,730"
2020-03-05,"1,723"
2020-03-06,"1,719"
2020-03-09,"1,728"
2020-03-10,"1,730"
2020-03-11,"1,728"
2020-03-12,"1,726"
2020-03-13,"1,736"
2020-03-16,"1,701"
2020-03-17,"1,672"
2020-03-18,"1,665"
2020-03-19,"1,626"
2020-03-20,"1,630"
2020-03-23,"1,688"
2020-03-24,"1,688"
2020-03-25,"1,688"
2020-03-26,"1,682"
2020-03-27,"1,675"
2020-03-30,"1,672"
2020-03-31,"1,672"
2020-04-01,"1,677"
2020-04-02,"1,677"
2020-04-03,"1,677"
2020-04-06,"1,689"
2020-04-07,"1,685"
2020-04-08,"1,685"
2020-04-09,"1,702"
2020-04-10,"1,702"
2020-04-13,"1,700"
2020-04-14,"1,702"
2020-04-16,"1,711"
2020-04-17,"1,711"
2020-04-20,"1,713"
2020-04-21,"1,713"
2020-04-22,"1,711"
2020-04-23,"1,560"
2020-04-24,"1,560"
2020-04-27,"1,578"
2020-04-28,"1,603"
2020-04-29,"1,625"
2020-05-04,"1,745"
2020-05-06,"1,745"
2020-05-07,"1,714"
2020-05-08,"1,717"
2020-05-11,"1,717"
2020-05-12,"1,750"
2020-05-13,"1,755"
2020-05-14,"1,700"
2020-05-15,"1,700"
2020-05-18,"1,738"
2020-05-19,"1,764"
2020-05-20,"1,764"
2020-05-21,"1,764"
2020-05-22,"1,764"
2020-05-25,"1,747"
2020-05-26,"1,748"
2020-05-27,"1,763"
2020-05-28,"1,676"
2020-05-29,"1,666"
2020-06-01,"1,677"
2020-06-02,"1,667"
2020-06-03,"1,667"
2020-06-04,"1,720"
2020-06-05,"1,695"
2020-06-08,"1,682"
2020-06-09,"1,682"
2020-06-10,"1,683"
2020-06-11,"1,731"
2020-06-12,"1,734"
2020-06-15,"1,738"
2020-06-16,"1,734"
2020-06-17,"1,726"
2020-06-18,"1,703"
2020-06-19,"1,731"
2020-06-22,"1,701"
2020-06-23,"1,693"
2020-06-24,"1,702"
2020-06-25,"1,725"
2020-06-26,"1,725"
2020-06-29,"1,727"
2020-06-30,"1,738"
2020-07-01,"1,725"
2020-07-02,"1,727"
2020-07-03,"1,731"
2020-07-06,"1,731"
2020-07-07,"1,745"
2020-07-08,"1,731"
2020-07-09,"1,672"
2020-07-10,"1,661"
2020-07-13,"1,657"
2020-07-14,"1,657"
2020-07-15,"1,650"
2020-07-16,"1,677"
2020-07-17,"1,671"
2020-07-20,"1,712"
2020-07-21,"1,731"
2020-07-22,"1,736"
2020-07-23,"1,731"
2020-07-24,"1,728"
2020-07-27,"1,693"
2020-07-28,"1,693"
2020-07-29,"1,693"
2020-07-30,"1,680"
2020-07-31,"1,677"
2020-08-03,"1,682"
2020-08-04,"1,687"
2020-08-05,"1,684"
2020-08-06,"1,670"
2020-08-07,"1,670"
2020-08-10,"1,673"
2020-08-11,"1,688"
2020-08-12,"1,695"
2020-08-13,"1,697"
2020-08-14,"1,697"
2020-08-18,"1,686"
2020-08-19,"1,698"
2020-08-20,"1,687"
2020-08-21,"1,632"
2020-08-24,"1,616"
2020-08-25,"1,651"
2020-08-26,"1,648"
2020-08-27,"1,648"
2020-08-28,"1,658"
2020-08-31,"1,675"
2020-09-01,"1,675"
2020-09-02,"1,675"
2020-09-03,"1,691"
2020-09-04,"1,686"
2020-09-07,"1,686"
2020-09-08,"1,689"
2020-09-09,"1,684"
2020-09-10,"1,681"
2020-09-11,"1,681"
2020-09-14,"1,692"
2020-09-15,"1,689"
2020-09-16,"1,721"
2020-09-17,"1,743"
2020-09-18,"1,773"
2020-09-21,"1,724"
2020-09-22,"1,724"
2020-09-23,"1,724"
2020-09-24,"1,727"
2020-09-25,"1,727"
2020-09-28,"1,727"
2020-09-29,"1,727"
2020-10-05,"1,723"
2020-10-06,"1,709"
2020-10-07,"1,721"
2020-10-08,"1,695"
2020-10-12,"1,752"
2020-10-13,"1,740"
2020-10-14,"1,760"
2020-10-15,"1,771"
2020-10-16,"1,766"
2020-10-19,"1,739"
2020-10-20,"1,754"
2020-10-21,"1,754"
2020-10-22,"1,758"
2020-10-23,"1,768"
2020-10-26,"1,777"
2020-10-27,"1,756"
2020-10-28,"1,762"
2020-10-29,"1,764"
2020-10-30,"1,742"
2020-11-02,"1,756"
2020-11-03,"1,769"
2020-11-04,"1,764"
2020-11-05,"1,772"
2020-11-06,"1,757"
2020-11-09,"1,771"
2020-11-10,"1,751"
2020-11-11,"1,765"
2020-11-12,"1,778"
2020-11-13,"1,772"
2020-11-16,"1,772"
2020-11-17,"1,772"
2020-11-18,"1,772"
2020-11-19,"1,758"
2020-11-20,"1,696"
2020-11-23,"1,730"
2020-11-24,"1,738"
2020-11-25,"1,753"
2020-11-26,"1,753"
2020-11-27,"1,753"
2020-11-30,"1,753"
2020-12-01,"1,753"
2020-12-02,"1,753"
2020-12-03,"1,759"
2020-12-07,"1,753"
2020-12-08,"1,757"
2020-12-09,"1,757"
2020-12-10,"1,748"
2020-12-11,"1,748"
2020-12-14,"1,748"
2020-12-15,"1,748"
2020-12-16,"1,740"
2020-12-17,"1,745"
2020-12-18,"1,737"
2020-12-21,"1,737"
2020-12-22,"1,737"
2020-12-23,"1,716"
2020-12-24,"1,781"
2020-12-28,"1,781"
2020-12-29,"1,783"
2020-12-30,"1,783"
2020-12-31,"1,822"
2021-01-04,"1,987"
2021-01-05,"1,861"
2021-01-06,"1,809"
2021-01-07,"1,833"
2021-01-08,"1,833"
2021-01-11,"1,779"
2021-01-12,"1,779"
2021-01-13,"1,779"
2021-01-14,"1,779"
2021-01-15,"1,758"
2021-01-18,"1,758"
2021-01-19,"1,758"
2021-01-20,"1,758"
2021-01-21,"1,758"
2021-01-22,"1,738"
2021-01-25,"1,738"
2021-01-26,"1,744"
2021-01-27,"1,744"
2021-01-28,"1,744"
2021-01-29,"1,744"
2021-02-01,"1,744"
2021-02-02,"1,744"
2021-02-03,"1,744"
2021-02-04,"1,744"
2021-02-05,"1,763"
2021-02-08,"1,763"
2021-02-09,"1,763"
2021-02-10,"1,763"
2021-02-15,"1,793"
2021-02-16,"1,743"
2021-02-17,"1,743"
2021-02-18,"1,743"
2021-02-19,"1,811"
2021-02-22,"1,818"
2021-02-23,"1,788"
2021-02-24,"1,818"
2021-02-25,"1,833"
2021-02-26,"1,818"
2021-03-02,"1,833"
2021-03-03,"1,818"
2021-03-04,"1,818"
2021-03-05,"1,818"
2021-03-08,"1,818"
2021-03-09,"1,818"
2021-03-10,"1,833"
2021-03-11,"1,847"
2021-03-12,"1,834"
2021-03-15,"1,834"
2021-03-16,"1,834"
2021-03-17,"1,818"
2021-03-18,"1,834"
2021-03-19,"1,834"
2021-03-22,"1,843"
2021-03-23,"1,843"
2021-03-24,"1,843"
2021-03-25,"1,843"
2021-03-26,"1,843"
2021-03-29,"1,828"
2021-03-30,"1,843"
2021-03-31,"1,843"
2021-04-01,"1,728"
2021-04-02,"1,843"
2021-04-05,"1,843"
2021-04-06,"1,820"
2021-04-07,"1,820"
2021-04-08,"1,820"
2021-04-09,"1,820"
2021-04-12,"1,820"
2021-04-13,"1,820"
2021-04-14,"1,820"
2021-04-15,"1,820"
2021-04-16,"1,843"
2021-04-19,"1,843"
2021-04-20,"1,855"
2021-04-21,"1,866"
2021-04-22,"1,866"
2021-04-23,"1,866"
2021-04-26,"1,866"
2021-04-27,"1,896"
2021-04-28,"1,896"
2021-04-29,"1,866"
2021-04-30,"1,866"
2021-05-03,"1,866"
2021-05-04,"1,866"
2021-05-06,"1,847"
2021-05-07,"1,847"
2021-05-10,"1,880"
2021-05-11,"1,880"
2021-05-12,"1,880"
2021-05-13,"1,880"
2021-05-14,"1,880"
2021-05-17,"1,880"
2021-05-18,"1,880"
2021-05-20,"1,880"
2021-05-21,"1,880"
2021-05-24,"1,880"
2021-05-25,"1,880"
2021-05-26,"1,880"
2021-05-27,"1,880"
2021-05-28,"1,880"
2021-05-31,"1,880"
2021-06-01,"1,907"
2021-06-02,"1,907"
2021-06-03,"1,907"
2021-06-04,"1,885"
2021-06-07,"1,880"
2021-06-08,"1,839"
2021-06-09,"1,839"
2021-06-10,"1,839"
2021-06-11,"1,839"
2021-06-14,"1,839"
2021-06-15,"1,839"
2021-06-16,"1,839"
2021-06-17,"1,916"
2021-06-18,"1,896"
2021-06-21,"1,846"
2021-06-22,"1,846"
2021-06-23,"1,846"
2021-06-24,"1,835"
2021-06-25,"1,814"
2021-06-28,"1,814"
2021-06-29,"1,828"
2021-06-30,"1,814"
2021-07-01,"1,800"
2021-07-02,"1,800"
2021-07-05,"1,800"
2021-07-06,"1,828"
2021-07-07,"1,828"
2021-07-08,"1,828"
2021-07-09,"1,828"
2021-07-12,"1,828"
2021-07-13,"1,828"
2021-07-14,"1,828"
2021-07-15,"1,828"
2021-07-16,"1,828"
2021-07-19,"1,828"
2021-07-20,"1,828"
2021-07-21,"1,828"
2021-07-22,"1,828"
2021-07-23,"1,833"
2021-07-26,"1,833"
2021-07-27,"1,833"
2021-07-28,"1,833"
2021-07-29,"1,833"
2021-07-30,"1,853"
2021-08-02,"1,833"
2021-08-03,"1,833"
2021-08-04,"1,833"
2021-08-05,"1,833"
2021-08-06,"1,833"
2021-08-09,"1,833"
2021-08-10,"1,853"
2021-08-11,"1,853"
2021-08-12,"1,853"
2021-08-13,"1,865"
2021-08-17,"1,875"
2021-08-18,"1,875"
2021-08-19,"1,875"
2021-08-20,"1,862"
2021-08-23,"1,862"
2021-08-24,"1,862"
2021-08-25,"1,862"
2021-08-26,"1,862"
2021-08-27,"1,862"
2021-08-30,"1,862"
2021-08-31,"1,862"
2021-09-01,"1,883"
2021-09-02,"1,866"
2021-09-03,"1,873"
2021-09-06,"1,873"
2021-09-07,"1,873"
2021-09-08,"1,873"
2021-09-09,"1,873"
2021-09-10,"1,873"
2021-09-13,"1,873"
2021-09-14,"1,873"
2021-09-15,"1,873"
2021-09-16,"1,873"
2021-09-17,"1,873"
2021-09-23,"1,837"
2021-09-24,"1,749"
2021-09-27,"1,749"
2021-09-28,"1,749"
2021-09-29,"1,749"
2021-09-30,"1,873"
2021-10-01,"1,873"
2021-10-05,"1,873"
2021-10-06,"1,877"
2021-10-07,"1,877"
2021-10-08,"1,877"
2021-10-12,"1,877"
2021-10-13,"1,877"
2021-10-14,"1,887"
2021-10-15,"1,887"
2021-10-18,"1,887"
2021-10-19,"1,887"
2021-10-20,"1,887"
2021-10-21,"1,887"
2021-10-22,"1,887"
2021-10-25,"1,887"
2021-10-26,"1,887"
2021-10-27,"1,899"
2021-10-28,"1,899"
2021-10-29,"1,899"
2021-11-01,"1,858"
2021-11-02,"1,868"
2021-11-03,"1,868"
2021-11-04,"1,868"
2021-11-05,"1,900"
2021-11-08,"1,907"
2021-11-09,"1,907"
2021-11-10,"1,907"
2021-11-11,"1,907"
2021-11-12,"1,900"
2021-11-15,"1,879"
2021-11-16,"1,879"
2021-11-17,"1,896"
2021-11-18,"1,752"
2021-11-19,"1,731"
2021-11-22,"1,731"
2021-11-23,"1,713"
2021-11-24,"1,713"
2021-11-25,"1,841"
2021-11-26,"1,876"
2021-11-29,"1,875"
2021-11-30,"1,875"
2021-12-01,"1,875"
2021-12-02,"1,875"
2021-12-06,"1,875"
2021-12-07,"1,875"
2021-12-08,"1,875"
2021-12-09,"1,875"
2021-12-10,"1,875"
2021-12-13,"1,875"
2021-12-14,"1,875"
2021-12-15,"1,830"
2021-12-16,"1,875"
2021-12-17,"1,884"
2021-12-20,"1,872"
2021-12-21,"1,872"
2021-12-22,"1,872"
2021-12-23,"1,872"
2021-12-24,"1,872"
2021-12-27,"1,872"
2021-12-28,"1,884"
2021-12-29,"1,884"
2021-12-30,"1,884"
2021-12-31,"1,893"
2022-01-03,"1,893"
2022-01-04,"1,884"
2022-01-05,"1,884"
2022-01-06,"1,893"
2022-01-07,"1,901"
2022-01-10,"1,893"
2022-01-11,"1,888"
2022-01-12,"1,888"
2022-01-13,"1,876"
2022-01-14,"1,876"
2022-01-17,"1,876"
2022-01-18,"1,876"
2022-01-19,"1,876"
2022-01-20,"1,862"
2022-01-21,"1,844"
2022-01-24,"1,844"
2022-01-25,"1,844"
2022-01-26,"1,844"
2022-01-27,"1,844"
2022-01-28,"1,844"
2022-02-03,"1,844"
2022-02-04,"1,844"
2022-02-07,"1,857"
2022-02-08,"1,857"
2022-02-09,"1,857"
2022-02-10,"1,857"
2022-02-11,"1,857"
2022-02-14,"1,857"
2022-02-15,"1,857"
2022-02-16,"1,857"
2022-02-17,"1,857"
2022-02-18,"1,857"
2022-02-21,"1,857"
2022-02-22,"1,857"
2022-02-23,"1,857"
2022-02-24,"1,857"
2022-02-25,"1,857"
2022-02-28,"1,857"
2022-03-02,"1,857"
2022-03-03,"1,857"
2022-03-04,"1,868"
2022-03-07,"1,816"
2022-03-08,"1,816"
2022-03-10,"1,816"
2022-03-11,"1,816"
2022-03-14,"1,753"
2022-03-15,"1,753"
2022-03-16,"1,753"
2022-03-17,"1,753"
2022-03-18,"1,753"
2022-03-21,"1,753"
2022-03-22,"1,753"
2022-03-23,"1,753"
2022-03-24,"1,816"
2022-03-25,"1,816"
2022-03-28,"1,784"
2022-03-29,"1,816"
2022-03-30,"1,816"
2022-03-31,"1,816"
2022-04-01,"1,816"
2022-04-04,"1,816"
2022-04-05,"1,816"
2022-04-06,"1,836"
2022-04-07,"1,836"
2022-04-08,"1,771"
2022-04-11,"1,669"
2022-04-12,"1,678"
2022-04-13,"1,678"
2022-04-14,"1,734"
2022-04-15,"1,761"
2022-04-18,"1,835"
2022-04-19,"1,835"
2022-04-20,"1,844"
2022-04-21,"1,553"
2022-04-22,"1,523"
2022-04-25,"1,468"
2022-04-26,"1,468"
2022-04-27,"1,468"
2022-04-28,"1,646"
2022-04-29,"1,718"
2022-05-02,"1,756"
2022-05-03,"1,759"
2022-05-04,"1,809"
2022-05-06,"1,809"
2022-05-09,"1,826"
2022-05-10,"1,826"
2022-05-11,"1,817"
2022-05-12,"1,859"
2022-05-13,"1,859"
2022-05-16,"1,859"
2022-05-17,"1,859"
2022-05-18,"1,844"
2022-05-19,"1,859"
2022-05-20,"1,844"
2022-05-23,"1,844"
2022-05-24,"1,826"
2022-05-25,"1,844"
2022-05-26,"1,859"
2022-05-27,"1,859"
2022-05-30,"1,844"
2022-05-31,"1,844"
2022-06-02,"1,844"
2022-06-03,"1,844"
2022-06-07,"1,844"
2022-06-08,"1,839"
2022-06-09,"1,898"
2022-06-10,"1,962"
2022-06-13,"1,961"
2022-06-14,"1,844"
2022-06-15,"1,844"
2022-06-16,"1,761"
2022-06-17,"1,761"
2022-06-20,"1,761"
2022-06-21,"1,761"
2022-06-22,"1,761"
2022-06-23,"1,735"
2022-06-24,"1,840"
2022-06-27,"1,833"
2022-06-28,"1,834"
2022-06-29,"1,850"
2022-06-30,"1,862"
2022-07-01,"1,862"
2022-07-04,"1,850"
2022-07-05,"1,803"
2022-07-06,"1,837"
2022-07-07,"1,837"
2022-07-08,"1,837"
2022-07-11,"1,802"
2022-07-12,"1,802"
2022-07-13,"1,837"
2022-07-14,"1,837"
2022-07-15,"1,837"
2022-07-18,"1,837"
2022-07-19,"1,850"
2022-07-20,"1,850"
2022-07-21,"1,850"
2022-07-22,"1,861"
2022-07-25,"1,821"
2022-07-26,"1,850"
2022-07-27,"1,861"
2022-07-28,"2,058"
2022-07-29,"2,040"
2022-08-01,"2,110"
2022-08-02,"2,132"
2022-08-03,"2,139"
2022-08-04,"2,139"
2022-08-05,"2,164"
2022-08-08,"2,139"
2022-08-09,"2,130"
2022-08-10,"2,135"
2022-08-11,"1,951"
2022-08-12,"1,948"
2022-08-16,"1,934"
2022-08-17,"1,929"
2022-08-18,"2,068"
2022-08-19,"2,135"
2022-08-22,"2,162"
2022-08-23,"2,162"
2022-08-24,"2,186"
2022-08-25,"2,176"
2022-08-26,"2,153"
2022-08-29,"2,130"
2022-08-30,"2,153"
2022-08-31,"2,176"
2022-09-01,"2,176"
2022-09-02,"2,197"
2022-09-05,"2,176"
2022-09-06,"2,197"
2022-09-07,"2,197"
2022-09-08,"2,150"
2022-09-13,"2,097"
2022-09-14,"2,126"
2022-09-15,"2,176"
2022-09-16,"2,176"
2022-09-19,"2,176"
2022-09-20,"2,176"
2022-09-21,"2,153"
2022-09-22,"1,743"
2022-09-23,"1,743"
2022-09-26,"1,779"
2022-09-27,"1,761"
2022-09-28,"1,759"
2022-09-29,"2,140"
2022-09-30,"2,198"
2022-10-04,"2,142"
2022-10-05,"2,166"
2022-10-06,"2,198"
2022-10-07,"2,205"
2022-10-11,"2,205"
2022-10-12,"2,205"
2022-10-13,"2,074"
2022-10-14,"2,042"
2022-10-17,"1,909"
2022-10-18,"1,891"
2022-10-19,"1,891"
2022-10-20,"1,979"
2022-10-21,"2,010"
2022-10-24,"1,968"
2022-10-25,"1,968"
2022-10-26,"1,872"
2022-10-27,"1,887"
2022-10-28,"1,975"
2022-10-31,"1,934"
2022-11-01,"1,975"
2022-11-02,"2,010"
2022-11-03,"1,976"
2022-11-04,"2,040"
2022-11-07,"2,067"
2022-11-08,"1,914"
2022-11-09,"1,873"
2022-11-10,"1,939"
2022-11-11,"2,012"
2022-11-14,"2,002"
2022-11-15,"2,047"
2022-11-16,"2,055"
2022-11-17,"2,034"
2022-11-18,"1,993"
2022-11-21,"1,922"
2022-11-22,"2,019"
2022-11-23,"1,992"
2022-11-24,"2,007"
2022-11-25,"1,992"
2022-11-28,"2,033"
2022-11-29,"2,046"
2022-11-30,"2,046"
2022-12-01,"2,053"
2022-12-05,"2,116"
2022-12-06,"2,098"
2022-12-07,"2,098"
2022-12-08,"2,112"
2022-12-09,"2,112"
2022-12-12,"2,093"
2022-12-13,"2,118"
2022-12-14,"2,122"
2022-12-15,"2,213"
2022-12-16,"2,248"
2022-12-19,"2,185"
2022-12-20,"2,262"
2022-12-21,"2,266"
2022-12-22,"2,223"
2022-12-23,"2,158"
2022-12-26,"2,202"
2022-12-27,"2,234"
2022-12-28,"2,202"
2022-12-29,"2,191"
2022-12-30,"2,191"
2023-01-02,"2,234"
2023-01-03,"2,234"
2023-01-04,"2,234"
2023-01-05,"2,234"
2023-01-06,"2,234"
2023-01-09,"2,234"
2023-01-10,"2,234"
2023-01-11,"2,219"
2023-01-12,"2,219"
2023-01-13,"2,214"
2023-01-16,"2,278"
2023-01-17,"2,278"
2023-01-18,"2,250"
2023-01-19,"2,333"
2023-01-20,"2,333"
2023-01-25,"2,234"
2023-01-26,"2,197"
2023-01-27,"2,190"
2023-01-30,"2,267"
2023-01-31,"2,288"
2023-02-01,"2,267"
2023-02-02,"2,397"
2023-02-03,"2,339"
2023-02-06,"2,227"
2023-02-07,"2,113"
2023-02-08,"2,053"
2023-02-09,"1,910"
2023-02-10,"1,910"
2023-02-13,"1,910"
2023-02-14,"1,910"
2023-02-15,"1,967"
2023-02-16,"1,965"
2023-02-17,"1,920"
2023-02-20,"1,914"
2023-02-21,"1,897"
2023-02-22,"1,948"
2023-02-23,"1,948"
2023-02-24,"1,903"
2023-02-27,"1,948"
2023-02-28,"1,948"
2023-03-02,"1,976"
2023-03-03,"1,976"
2023-03-06,"1,976"
2023-03-07,"1,976"
2023-03-08,"1,976"
2023-03-09,"1,976"
2023-03-10,"1,976"
2023-03-13,"1,976"
2023-03-14,"1,976"
2023-03-15,"2,028"
2023-03-16,"2,028"
2023-03-17,"2,028"
2023-03-20,"2,028"
2023-03-21,"2,029"
2023-03-22,"2,029"
2023-03-23,"2,041"
2023-03-24,"2,082"
2023-03-27,"2,082"
2023-03-28,"2,082"
2023-03-29,"2,082"
2023-03-30,"2,082"
2023-03-31,"2,082"
2023-04-03,"2,082"
2023-04-04,"2,082"
2023-04-05,"2,082"
2023-04-06,"2,082"
2023-04-07,"2,081"
2023-04-10,"2,077"
2023-04-11,"2,077"
2023-04-12,"2,084"
2023-04-13,"2,084"
2023-04-14,"2,058"
2023-04-17,"2,058"
2023-04-18,"2,058"
2023-04-19,"2,058"
2023-04-20,"1,989"
2023-04-21,"1,989"
2023-04-24,"1,994"
2023-04-25,"1,994"
2023-04-26,"1,994"
2023-04-27,"1,994"
2023-04-28,"1,994"
2023-05-02,"1,994"
2023-05-03,"1,994"
2023-05-04,"1,986"
2023-05-08,"1,934"
2023-05-09,"1,999"
2023-05-10,"1,999"
2023-05-11,"1,999"
2023-05-12,"1,999"
2023-05-15,"1,999"
2023-05-16,"1,999"
2023-05-17,"1,958"
2023-05-18,"2,002"
2023-05-19,"2,081"
2023-05-22,"2,090"
2023-05-23,"2,099"
2023-05-24,"2,099"
2023-05-25,"2,099"
2023-05-26,"2,099"
2023-05-30,"2,161"
2023-05-31,"2,136"
2023-06-01,"2,136"
2023-06-02,"2,178"
2023-06-05,"2,178"
2023-06-07,"2,153"
2023-06-08,"2,178"
2023-06-09,"2,178"
2023-06-12,"2,178"
2023-06-13,"2,178"
2023-06-14,"2,134"
2023-06-15,"2,190"
2023-06-16,"2,190"
2023-06-19,"2,190"
2023-06-20,"2,190"
2023-06-21,"2,190"
2023-06-22,"2,190"
2023-06-23,"2,246"
2023-06-26,"2,246"
2023-06-27,"2,246"
2023-06-28,"2,246"
2023-06-29,"2,246"
2023-06-30,"2,246"
2023-07-03,"2,251"
2023-07-04,"2,310"
2023-07-05,"2,310"
2023-07-06,"2,310"
2023-07-07,"2,310"
2023-07-10,"2,251"
2023-07-11,"2,256"
2023-07-12,"2,256"
2023-07-13,"2,256"
2023-07-14,"2,256"
2023-07-17,"2,298"
2023-07-18,"2,291"
2023-07-19,"2,299"
2023-07-20,"2,299"
2023-07-21,"2,315"
2023-07-24,"2,303"
2023-07-25,"2,303"
2023-07-26,"2,295"
2023-07-27,"2,295"
2023-07-28,"2,225"
2023-07-31,"2,225"
2023-08-01,"2,225"
2023-08-02,"2,272"
2023-08-03,"2,181"
2023-08-04,"2,186"
2023-08-07,"2,260"
2023-08-08,"2,260"
2023-08-09,"2,270"
2023-08-10,"2,160"
2023-08-11,"2,182"
2023-08-14,"2,235"
2023-08-16,"2,235"
2023-08-17,"2,289"
2023-08-18,"2,281"
2023-08-21,"2,294"
2023-08-22,"2,294"
2023-08-23,"2,283"
2023-08-24,"2,290"
2023-08-25,"2,295"
2023-08-28,"2,295"
2023-08-29,"2,316"
2023-08-30,"2,316"
2023-08-31,"2,289"
2023-09-01,"2,289"
2023-09-04,"2,341"
